vers_nr,T_K,mdot_kg_h,z,PE_eff,Pe,lambda_ratio_meas,lambda_ratio_calc,fehl
IK09/11,318,484.2,0.53,9.63,947,98.4,97.5,-0.9
IK09/12,317,384.3,0.54,9.42,753,79.9,78.3,-2.1
IK09/13,317,297.4,0.56,9.19,582,63.3,61.4,-3.1
IK09/14,317,222.9,0.57,9.01,436,48.4,46.9,-3.2
IK09/15,317,145.4,0.59,8.72,285,32.7,31.8,-2.6
IK09/16,317,91.2,0.60,8.53,179,21.0,21.2,1.2
IK09/21,604,81.1,0.74,6.95,102,14.6,14.6,0.1
IK09/22,604,157.9,0.65,7.83,198,25.3,24.2,-4.2
IK09/23,603,220.4,0.62,8.22,276,33.6,32.0,-4.9
IK09/24,603,290.0,0.60,8.51,364,42.7,40.6,-4.9
IK09/25,603,388.7,0.58,8.89,488,54.9,52.9,-3.6
IK09/26,604,482.8,0.56,9.17,605,66.0,64.5,-2.2
IK09/31,797,78.4,0.89,5.77,85,14.7,14.1,-4.3
IK09/32,797,147.7,0.74,6.91,160,23.1,21.5,-7.1
IK09/33,797,223.3,0.65,7.82,241,30.8,29.6,-4.2
IK09/34,780,280.9,0.62,8.22,304,36.9,35.7,-3.2
IK09/35,796,397.0,0.59,8.69,429,49.4,48.1,-2.5
IK09/36,796,509.9,0.58,8.81,551,62.6,60.2,-3.8
IK09/41,894,75.3,0.90,5.65,77,13.6,13.9,2.2
IK09/42,895,155.0,0.72,7.10,158,22.3,22.0,-1.3
IK09/43,896,232.2,0.65,7.93,237,29.9,29.8,-0.4
IK09/44,896,289.9,0.67,7.66,296,38.6,35.6,-7.9
IK09/45,896,385.2,0.61,8.33,393,47.1,45.2,-4.2
IK09/46,896,484.8,0.58,8.82,494,56.1,55.2,-1.6
GK05/11,329,334.9,0.60,8.28,563,68.0,70.8,4.1
GK05/12,328,246.3,0.63,7.90,415,52.5,54.6,4.0
GK05/13,328,193.6,0.64,7.74,326,42.1,44.8,6.3
GK05/14,329,334.0,0.58,8.60,562,65.3,70.7,8.2
GK05/15,329,210.5,0.63,7.83,354,45.3,47.9,5.8
GK05/16,329,281.5,0.60,8.33,474,56.9,61.0,7.3
GK05/17,328,147.4,0.67,7.41,248,33.5,36.0,7.4
GK05/18,328,103.6,0.71,6.97,175,25.1,27.5,10.0
GK05/19,327,72.0,0.77,6.42,122,19.0,21.4,12.7
GK05/20,328,48.4,0.86,5.75,82,14.2,16.6,16.9
GK05/21,329,311.2,0.58,8.60,524,60.9,66.5,9.2
GK05/22,329,255.4,0.60,8.27,430,52.0,56.2,8.2
GK05/23,328,212.2,0.62,8.00,358,44.8,48.3,7.9
GK05/24,328,211.1,0.61,8.19,356,43.5,48.1,10.6
GK05/25,328,210.8,0.61,7.94,355,44.7,48.0,7.3
GK05/26,328,211.2,0.62,8.02,356,44.3,48.1,8.4
GK05/27,322,136.6,0.68,7.28,234,32.1,34.4,7.1
GK05/28,328,73.1,0.80,6.17,123,20.0,21.5,7.8
CK10/11,342,447.9,0.58,8.49,926,109.0,109.7,0.7
CK10/12,342,448.1,0.58,8.40,927,110.3,109.8,-0.4
CK10/13,342,329.0,0.61,8.05,680,84.5,84.3,-0.2
CK10/14,342,235.4,0.63,7.76,488,62.9,64.1,1.9
CK10/15,342,140.3,0.68,7.16,290,40.5,42.7,5.4
CK10/21,340,460.5,0.35,8.84,956,108.1,112.8,4.4
CK10/22,339,99.2,0.45,6.94,207,29.7,33.4,12.2
CK10/23,339,168.9,0.40,7.83,352,44.9,49.4,10.1
CK10/24,340,272.3,0.39,8.49,566,70.8,72.3,2.1
CK10/25,340,372.8,0.36,8.61,775,90.0,94.2,4.7
CK10/26,340,428.8,0.36,8.60,891,103.5,106.2,2.5
CK10/31,320,486.4,0.44,8.60,1059,123.2,123.2,0.0
CK10/32,320,400.6,0.44,8.44,872,102.2,102.9,0.7
CK10/33,320,292.0,0.47,8.01,635,79.3,79.4,0.1
CK10/34,320,189.6,0.50,7.43,413,55.5,55.7,0.3
CK10/35,320,152.9,0.53,7.05,333,47.2,47.0,-0.4
CK10/36,320,87.5,0.60,6.24,191,30.5,31.2,2.0
CK10/41,613,87.7,0.75,4.97,122,24.5,25.1,2.4
CK10/42,613,146.9,0.63,5.96,204,34.3,33.7,-1.6
CK10/43,613,219.8,0.56,6.69,306,45.7,44.2,-3.3
CK10/44,613,275.5,0.53,7.05,383,54.3,52.1,-4.1
CK10/45,613,395.1,0.48,7.88,550,69.8,68.9,-1.2
CK10/46,614,483.0,0.45,8.26,672,81.3,81.2,-0.1
CK10/51,825,90.7,0.88,4.27,108,25.2,25.0,-0.8
CK10/52,825,156.8,0.67,5.56,186,33.5,32.9,-1.8
CK10/53,825,235.7,0.58,6.43,280,43.5,42.3,-2.8
CK10/54,825,295.1,0.55,6.80,351,51.5,49.3,-4.2
CK10/55,825,368.6,0.51,7.34,438,59.7,58.0,-2.8
CK10/56,824,484.5,0.48,7.81,576,73.7,71.7,-2.8
CK10/61,895,72.0,1.09,3.45,82,23.9,22.4,-6.3
CK10/62,896,153.9,0.72,5.21,176,33.7,31.9,-5.4
CK10/63,896,226.1,0.61,6.11,258,42.3,40.1,-5.2
CK10/64,896,293.9,0.57,6.50,336,51.6,47.8,-7.5
CK10/65,896,371.5,0.52,7.14,424,59.4,56.5,-4.8
CK10/66,895,491.6,0.49,7.64,562,73.5,70.1,-4.7
CK10/71,991,76.8,1.02,3.68,84,22.7,22.9,0.8
CK10/72,991,76.8,1.05,3.55,84,23.5,22.9,-2.6
CK10/73,992,159.8,0.75,4.50,174,35.0,31.8,-8.9
CK10/74,992,226.7,0.68,5.51,246,44.7,39.0,-12.8
CK10/75,992,297.9,0.62,6.05,324,53.5,46.6,-12.9
CK10/76,992,388.5,0.57,6.55,422,64.5,56.3,-12.7
CK10/77,993,497.7,0.51,7.28,541,74.3,67.9,-8.6
TK03/11,323,87.5,0.77,5.66,265,46.8,45.1,-3.6
TK03/12,323,156.9,0.68,6.35,475,74.7,70.6,-5.5
TK03/13,323,218.3,0.65,6.70,661,98.6,92.3,-6.4
TK03/14,323,296.3,0.63,6.96,897,128.9,119.0,-7.6
TK03/15,323,394.7,0.60,7.23,1194,165.1,152.1,-7.9
TK03/16,323,478.5,0.58,7.44,1449,194.7,179.9,-7.6
TK03/21,606,79.1,0.91,4.77,155,32.5,29.1,-10.4
TK03/22,604,146.7,0.76,5.72,288,50.3,44.8,-10.9
TK03/23,604,216.7,0.69,6.28,425,67.6,60.0,-11.3
TK03/24,604,288.2,0.66,6.60,565,85.6,75.9,-11.3
TK03/25,604,383.4,0.63,6.89,752,109.2,96.3,-11.8
TK03/26,604,461.0,0.60,7.21,904,123.7,112.6,-9.0
TK03/31,790,70.5,1.04,4.28,120,25.2,21.9,-13.2
TK03/32,791,147.2,0.82,5.33,250,46.9,40.1,-14.5
TK03/33,791,222.9,0.73,5.93,379,65.4,54.4,-16.8
TK03/34,791,302.2,0.68,6.43,514,79.6,65.0,-18.3
TK03/35,789,388.6,0.65,6.81,661,96.2,78.8,-18.1
TK03/36,789,492.0,0.60,7.21,837,117.0,98.3,-16.0
TK03/41,901,79.5,1.04,4.22,129,22.9,19.3,-15.7
TK03/42,901,154.7,0.83,5.24,247,47.1,39.8,-15.6
TK03/43,901,228.3,0.71,6.04,364,64.9,52.6,-19.0
TK03/44,901,306.1,0.70,6.20,488,78.6,65.9,-16.2
TK03/45,901,391.8,0.65,6.70,625,95.6,82.2,-14.0
TK03/46,901,492.8,0.63,6.86,786,114.1,97.5,-14.5
TK03/51,987,78.6,1.10,3.96,120,30.3,25.7,-15.1
TK03/52,989,151.0,0.86,5.05,221,47.1,39.8,-15.5
TK03/53,990,231.4,0.70,5.62,352,62.7,51.5,-17.9
TK03/54,990,292.7,0.73,6.00,446,74.4,61.1,-17.8
TK03/55,990,400.1,0.68,6.39,609,95.5,78.4,-17.9
TK03/56,990,494.2,0.66,6.59,753,114.1,93.4,-18.1
TK06/11,321,488.6,0.74,7.36,983,133.8,128.5,-4.0
TK06/12,321,382.8,0.76,7.15,771,107.0,104.0,-2.8
TK06/13,320,289.4,0.79,6.86,584,86.4,84.5,-2.2
TK06/14,320,220.3,0.83,6.41,451,69.6,68.6,-1.4
TK06/15,319,142.9,0.91,5.94,288,49.6,49.0,-1.2
TK06/16,319,102.9,0.99,5.27,208,36.8,37.0,0.5
TK06/21,608,82.1,1.26,4.31,106,25.7,25.3,-1.5
TK06/22,607,149.7,1.03,5.27,192,36.6,35.9,-1.9
TK06/23,606,218.1,0.89,6.07,283,46.5,45.9,-1.4
TK06/24,605,294.0,0.82,6.57,382,58.0,57.0,-1.9
TK06/25,604,373.0,0.79,6.85,485,70.8,68.4,-3.4
TK06/26,604,481.2,0.78,6.94,626,73.1,70.2,-4.0
TK06/31,794,78.2,1.43,3.78,88,23.2,24.5,5.8
TK06/32,794,150.0,1.09,4.96,166,34.0,33.7,-0.9
TK06/33,793,236.5,0.95,5.69,266,44.6,44.7,0.2
TK06/34,793,288.4,0.89,6.11,324,50.4,50.8,0.8
TK06/35,793,373.9,0.83,6.52,420,63.4,61.4,-3.2
TK06/36,792,481.2,0.79,6.94,541,79.1,76.4,-3.4
TK06/51,984,79.9,1.61,3.37,85,21.3,20.7,-2.8
TK06/52,985,151.9,1.17,4.66,157,33.1,32.0,-3.3
TK06/53,985,222.6,1.00,5.47,225,43.1,42.0,-2.5
TK06/54,985,294.6,0.92,6.04,298,50.9,49.6,-2.6
TK06/55,985,366.4,0.85,6.55,371,62.8,60.2,-4.1
TK06/56,986,481.3,0.81,6.86,486,73.9,68.0,-8.0
TK06/61,319,488.7,0.48,7.49,987,131.7,128.4,-2.5
TK06/62,319,380.0,0.49,7.26,767,105.7,103.9,-1.7
TK06/63,319,289.5,0.52,6.92,585,84.6,83.2,-1.7
TK06/64,319,243.3,0.53,6.73,492,73.1,72.3,-1.1
TK06/65,319,151.7,0.60,5.95,306,51.5,50.1,-2.7
TK06/66,319,82.6,0.71,5.04,167,33.1,32.6,-1.7
TK06/71,607,82.7,0.87,4.13,107,26.0,25.2,-3.0
TK06/72,607,156.3,0.68,5.28,203,38.4,36.5,-5.1
TK06/73,606,234.1,0.59,6.11,304,49.7,48.0,-3.4
TK06/74,606,293.3,0.56,6.42,381,59.3,56.6,-4.5
TK06/75,606,382.5,0.53,6.80,496,73.0,69.4,-4.9
TK06/76,606,493.1,0.51,7.08,640,90.3,84.9,-5.9
TK06/81,797,82.6,0.90,3.96,93,23.4,25.1,7.3
TK06/82,797,157.0,0.71,5.06,176,34.8,34.5,-0.8
TK06/83,796,227.1,0.66,5.43,255,46.8,43.2,-7.8
TK06/84,796,294.4,0.59,6.03,330,54.7,51.4,-6.1
TK06/85,796,386.1,0.55,6.57,433,65.9,62.4,-5.3
TK06/86,796,490.8,0.52,6.86,550,80.1,74.9,-6.5
TK06/91,898,81.2,0.96,3.73,86,23.0,25.1,9.2
TK06/92,898,157.2,0.72,4.95,166,33.5,34.0,1.4
TK06/93,898,227.7,0.58,6.19,241,38.9,42.1,8.3
TK06/94,896,291.1,0.61,5.87,308,52.4,49.3,-6.0
TK06/95,896,384.6,0.56,6.43,407,63.2,59.8,-5.4
TK06/96,896,489.7,0.52,6.87,518,75.3,71.5,-5.1
TK06/101,992,78.5,1.02,3.52,79,22.5,24.9,11.1
TK06/102,993,159.3,0.77,4.66,160,34.4,33.7,-2.0
TK06/103,993,232.4,0.67,5.34,234,43.8,41.6,-5.1
TK06/104,993,289.6,0.64,5.60,291,52.1,47.7,-8.4
TK06/105,993,397.3,0.56,6.43,400,62.2,59.0,-5.0
TK06/106,994,486.6,0.59,6.04,489,81.1,68.4,-15.6
TK06/111,320,481.1,0.38,7.08,620,87.5,86.8,-0.8
TK06/112,320,394.4,0.40,6.82,508,74.5,73.8,-0.9
TK06/113,320,278.2,0.44,6.15,359,58.4,55.9,-4.3
TK06/114,320,229.7,0.45,6.05,296,49.0,48.2,-1.5
TK06/115,320,144.2,0.51,5.31,186,35.0,34.3,-2.2
TK06/116,319,81.1,0.64,4.28,105,24.5,25.1,2.6
TK06/121,601,81.6,0.79,3.44,68,19.8,19.7,-0.1
TK06/122,601,155.1,0.56,4.86,129,26.5,27.1,2.0
TK06/123,601,225.3,0.49,5.53,186,33.6,33.8,0.5
TK06/124,600,284.2,0.47,5.79,237,40.9,39.7,-2.8
TK06/125,600,397.3,0.42,6.48,331,51.1,50.4,-1.2
TK06/126,602,481.7,0.40,6.68,401,60.0,58.3,-2.8
TK06/131,793,78.2,1.07,2.56,56,22.0,21.0,-4.5
TK06/132,793,149.0,0.66,4.15,107,25.8,26.9,4.2
TK06/133,793,232.7,0.55,4.98,167,33.6,33.7,0.5
TK06/134,792,299.9,0.49,5.60,216,38.5,39.2,1.9
TK06/135,792,387.2,0.45,6.09,278,45.7,46.2,1.0
TK06/136,792,487.3,0.44,6.13,350,57.1,54.1,-5.3
TK06/141,895,78.1,1.23,2.22,53,23.8,21.7,-9.0
TK06/142,896,146.1,0.92,3.79,99,26.1,26.9,3.2
TK06/143,896,225.3,0.62,4.44,152,34.3,32.9,-4.2
TK06/144,897,284.6,0.55,4.97,192,38.7,37.3,-3.5
TK06/145,896,387.9,0.48,5.66,262,46.3,45.0,-2.9
TK06/146,896,488.1,0.44,6.20,330,53.3,52.4,-1.7
TK06/151,995,80.4,1.23,2.21,52,23.4,22.4,-4.2
TK06/152,995,145.0,0.80,3.40,93,27.4,27.0,-1.6
TK06/153,995,220.1,0.66,4.13,141,34.2,32.3,-5.7
TK06/154,995,307.4,0.57,4.75,198,41.6,38.4,-7.7
TK06/155,995,396.0,0.56,4.85,255,52.5,44.5,-15.2
TK06/156,995,489.9,0.48,5.74,315,54.9,51.0,-7.0
TK10/11,318,482.6,0.55,8.03,983,122.4,125.6,2.6
TK10/12,318,398.1,0.57,7.85,811,103.3,106.9,3.5
TK10/13,319,289.4,0.60,7.44,589,79.2,82.3,4.0
TK10/14,318,219.6,0.63,7.08,447,63.2,66.2,4.8
TK10/15,318,151.7,0.69,6.50,309,47.5,50.0,5.2
TK10/16,318,81.2,0.83,5.34,165,31.0,32.4,4.5
TK10/21,609,79.7,1.03,4.32,104,24.0,27.0,12.2
TK10/22,608,151.6,0.81,5.50,197,35.9,37.6,4.9
TK10/23,608,224.9,0.71,6.27,293,46.7,48.2,3.1
TK10/24,608,286.9,0.66,6.77,374,55.2,57.0,3.1
TK10/25,607,370.2,0.61,7.30,482,66.1,68.6,3.8
TK10/26,607,483.5,0.58,7.72,630,81.6,84.2,3.1
TK10/31,794,79.3,1.19,3.76,90,23.8,27.9,16.9
TK10/32,793,148.6,0.88,5.06,168,33.1,36.3,9.6
TK10/33,792,235.9,0.75,5.91,267,45.2,46.8,3.6
TK10/34,791,291.5,0.70,6.37,330,51.8,53.4,3.2
TK10/35,791,372.0,0.67,6.68,421,63.0,62.9,-0.2
TK10/36,790,484.9,0.61,7.27,549,75.5,76.1,0.8
TK10/41,892,76.5,1.30,3.43,82,23.8,28.0,17.7
TK10/42,892,154.1,0.92,4.82,164,34.1,36.8,8.0
TK10/43,893,229.4,0.79,5.66,245,43.2,45.1,4.4
TK10/51,321,486.4,0.40,7.83,985,125.8,124.7,-0.8
TK10/52,320,394.1,0.40,7.78,799,102.7,104.6,1.8
TK10/53,320,296.6,0.42,7.42,602,81.1,82.8,2.1
TK10/54,320,213.6,0.45,6.91,434,62.8,63.8,1.6
TK10/55,320,151.8,0.49,6.37,308,48.4,49.1,1.5
TK10/56,320,63.9,0.63,4.95,130,26.2,27.2,3.9
TK10/61,602,77.6,0.76,4.10,102,24.8,26.5,6.7
TK10/62,602,151.0,0.59,5.31,198,37.2,37.4,0.4
TK10/63,602,227.1,0.52,5.96,297,49.9,48.4,-3.1
TK10/64,601,291.7,0.49,6.37,382,60.0,57.5,-4.1
TK10/65,601,399.6,0.46,6.77,524,77.3,72.6,-6.1
TK10/66,601,486.4,0.45,7.00,638,91.1,84.6,-7.1
TK10/71,794,83.3,0.84,3.73,94,25.2,28.5,12.9
TK10/72,793,153.1,0.74,4.79,173,36.1,37.0,2.4
TK10/73,793,236.0,0.58,5.40,267,49.3,46.9,-5.0
TK10/74,793,289.7,0.53,5.87,327,55.7,53.2,-4.5
TK10/75,793,381.8,0.50,6.31,431,68.3,64.0,-6.3
TK10/76,793,483.0,0.47,6.68,546,81.7,75.8,-7.2
TK10/81,896,78.4,0.98,3.18,83,26.2,28.5,8.8
TK10/82,896,148.4,0.70,4.49,158,35.2,36.4,3.4
TK10/83,896,227.8,0.60,5.26,242,46.1,45.2,-2.0
TK10/84,896,297.7,0.54,5.84,317,54.3,52.8,-2.6
TK10/85,896,407.7,0.48,6.57,434,66.1,64.8,-1.9
TK10/86,896,490.5,0.46,6.84,522,76.3,73.7,-3.3
TK10/91,989,78.2,1.09,2.87,79,27.6,28.8,4.3
TK10/92,989,147.4,0.78,4.03,150,37.1,36.1,-2.7
TK10/93,990,230.9,0.63,4.94,234,47.4,44.8,-5.5
TK10/94,990,288.8,0.56,5.61,295,52.2,50.7,-2.8
TK10/95,990,383.2,0.54,5.80,389,66.9,60.4,-9.7
TK10/96,990,486.8,0.47,6.60,493,74.7,71.0,-4.9
SK02/11,341,432.6,0.65,7.04,767,109.0,121.5,11.5
SK02/12,341,433.6,0.68,6.74,770,114.4,121.8,6.7
SK02/13,341,343.9,0.70,6.55,611,93.3,101.0,8.2
SK02/14,341,249.4,0.76,6.03,443,73.4,78.2,6.6
SK02/15,340,172.0,0.87,5.28,306,57.9,58.8,1.6
SK02/16,340,84.9,1.13,4.05,151,37.2,35.6,-4.5
SK02/21,321,486.0,0.60,6.38,895,140.3,145.0,3.3
SK02/22,321,394.7,0.58,6.53,727,111.4,122.8,10.2
SK02/23,321,279.2,0.64,5.93,514,86.8,93.7,8.0
SK02/24,321,213.5,0.70,5.45,393,72.2,76.4,5.9
SK02/25,321,145.1,0.78,4.85,267,55.2,57.7,4.5
SK02/26,321,74.9,1.02,3.73,138,36.9,37.0,0.1
SK05/11,341,446.4,0.75,6.30,639,101.3,111.0,9.6
SK05/12,341,351.9,0.80,5.90,504,85.3,92.2,8.0
SK05/13,341,248.4,0.88,5.37,356,66.1,70.6,6.7
SK05/14,341,144.3,1.07,4.41,207,46.8,47.5,1.6
SK05/15,341,69.9,1.48,3.18,100,31.5,29.9,-5.0
SK05/21,327,81.0,0.92,3.53,121,34.3,35.3,2.9
SK05/22,327,151.7,0.70,4.60,226,49.2,52.8,7.3
SK05/23,327,225.7,0.63,5.19,337,65.0,70.1,7.8
SK05/24,328,297.7,0.59,5.66,448,78.5,86.1,9.6
SK05/25,328,393.4,0.53,6.08,587,96.5,106.6,10.4
SK05/26,327,500.4,0.50,6.45,747,115.8,128.6,11.2
SK05/31,599,506.6,0.59,5.52,499,90.4,91.8,1.6
SK05/32,600,398.4,0.63,5.17,392,75.8,76.9,1.5
SK05/33,600,303.8,0.67,4.81,289,62.1,63.5,2.3
SK05/34,600,226.2,0.74,4.36,222,51.0,52.0,1.8
SK05/35,599,150.2,0.88,3.71,148,39.9,40.3,1.1
SK05/36,599,86.9,1.14,2.86,86,29.9,30.2,0.7
SK05/41,898,499.1,0.66,4.91,398,80.9,80.5,-0.4
SK05/42,900,395.4,0.72,4.50,315,70.0,69.1,-1.3
SK05/43,900,298.3,0.83,3.92,237,60.5,58.0,-4.2
SK05/44,900,224.4,0.93,3.49,179,51.2,49.3,-3.8
SK05/45,900,132.7,1.28,2.54,106,41.6,38.0,-8.5
SK05/46,900,79.9,1.84,1.76,64,36.1,31.4,-13.1
SK05/51,990,77.7,2.02,1.60,59,36.8,32.7,-11.1
SK05/52,992,155.7,1.22,2.66,118,44.5,41.9,-5.7
SK05/53,992,240.2,0.95,3.40,182,53.7,51.6,-3.8
SK05/54,992,311.0,0.84,3.84,236,61.4,59.5,-3.1
SK05/55,992,394.4,0.77,4.20,299,71.3,68.5,-3.9
SK05/61,799,80.1,1.89,1.72,68,39.4,28.2,-28.3
SK05/62,800,158.1,1.19,2.72,133,49.1,38.6,-21.3
SK05/63,799,489.5,0.70,4.61,413,89.5,79.1,-11.7
SK05/64,799,388.7,0.75,4.35,328,75.3,67.3,-10.7
SK05/65,797,294.9,0.90,3.61,249,68.9,56.0,-18.8
SK05/66,800,226.9,0.98,3.32,191,57.6,47.5,-17.5
SK05/71,316,73.2,1.50,2.17,112,51.9,33.8,-34.8
SK05/72,316,162.9,0.96,3.36,250,74.4,56.7,-23.8
SK05/73,316,224.8,0.82,3.93,345,87.8,71.6,-18.5
SK05/74,316,312.2,0.72,4.49,480,106.7,91.6,-14.1
SK05/75,316,404.2,0.65,4.95,621,125.3,111.8,-10.8
SK05/76,316,500.0,0.61,5.31,768,144.7,132.3,-8.6
SK05/81,321,490.0,0.75,6.07,743,122.4,122.5,0.1
SK05/82,321,392.4,0.78,5.87,596,101.4,102.6,1.2
SK05/83,321,300.6,0.82,5.57,456,81.9,83.2,1.6
SK05/84,321,226.1,0.89,5.15,343,66.6,66.9,0.5
SK05/85,320,151.1,0.96,4.75,230,48.3,49.8,3.1
SK05/86,320,77.4,1.22,3.75,118,31.3,32.0,2.1
SK05/91,602,75.5,1.57,2.92,74,25.4,26.4,4.0
SK05/92,602,159.5,1.12,4.08,157,38.3,39.3,2.4
SK05/93,602,207.7,1.03,4.46,204,45.7,46.4,1.5
SK05/94,601,289.4,0.94,4.88,284,58.2,58.2,-0.1
SK05/95,601,372.0,0.88,5.21,366,70.2,69.7,-0.7
SK05/96,601,490.7,0.83,5.54,482,87.1,85.6,-1.7
SK05/101,794,70.3,2.13,2.15,60,27.7,27.1,-2.1
SK05/102,794,148.8,1.30,3.51,126,35.8,37.3,4.2
SK05/103,795,204.8,1.17,3.90,173,44.4,44.4,0.1
SK05/104,794,294.5,1.01,4.52,249,55.2,55.5,0.5
SK05/105,794,373.0,0.98,4.69,316,67.4,64.8,-3.8
SK05/106,793,489.3,0.89,5.13,414,80.7,78.3,-3.0
SK05/111,893,76.5,2.27,2.02,61,30.3,29.4,-2.8
SK05/112,893,151.1,1.48,3.09,121,39.1,38.5,-1.5
SK05/113,894,227.8,1.20,3.81,182,47.8,47.6,-0.4
SK05/114,893,293.0,1.09,4.22,234,55.5,55.0,-0.8
SK05/115,894,379.6,0.99,4.62,303,65.6,64.7,-1.4
SK05/116,894,492.1,0.91,5.05,393,77.8,76.9,-1.1
SK05/121,999,85.6,2.57,1.78,65,36.4,33.3,-8.5
SK05/122,999,160.9,1.58,2.90,122,41.9,42.0,0.3
SK05/123,1000,224.4,1.32,3.48,170,48.8,49.2,0.9
SK05/124,1000,297.0,1.20,3.80,224,58.9,57.1,-3.1
SK05/125,1000,393.8,1.09,4.21,297,70.6,67.4,-4.5
SK05/126,1000,486.5,1.00,4.58,366,79.8,76.9,-3.7
SK10/11,342,383.9,0.74,5.91,724,122.6,126.9,3.5
SK10/12,340,73.0,1.27,3.46,138,39.9,39.7,-0.2
SK10/13,340,168.9,0.92,4.76,320,67.2,69.1,2.8
SK10/14,341,250.8,0.81,5.38,474,88.2,92.0,4.3
SK10/15,342,359.6,0.74,5.90,679,115.1,120.7,4.9
SK10/16,341,440.0,0.71,6.19,831,134.4,141.3,5.1
SK10/21,332,89.6,0.85,3.86,173,44.7,44.6,-0.4
SK10/22,332,169.4,0.69,4.73,327,69.0,68.7,-0.4
SK10/23,332,239.4,0.63,5.24,462,88.1,88.6,0.6
SK10/24,333,341.2,0.58,5.69,657,115.6,115.9,0.3
SK10/25,333,420.6,0.54,6.35,810,133.8,136.5,2.0
SK10/31,588,103.8,0.97,3.57,135,40.0,42.2,5.3
SK10/32,589,169.9,0.80,4.16,221,53.9,55.6,3.1
SK10/33,594,249.0,0.71,4.59,322,70.2,70.7,0.7
SK10/34,595,346.3,0.65,5.04,448,88.6,88.5,0.0
SK10/35,592,405.7,0.64,5.12,526,102.6,99.1,-3.4
SK10/41,777,91.5,1.29,2.53,102,40.4,43.1,6.7
SK10/42,780,178.3,0.91,3.61,199,55.0,58.2,5.7
SK10/43,780,255.9,0.78,4.21,286,67.8,70.9,4.5
SK10/44,779,323.2,0.72,4.53,361,79.6,81.5,2.4
SK10/45,778,403.6,0.69,4.75,451,95.0,93.9,-1.2
SK10/51,880,96.0,1.51,2.18,101,46.4,47.3,1.9
SK10/52,880,182.1,1.00,3.27,191,58.5,61.1,4.3
SK10/53,882,260.5,0.86,3.82,273,71.5,73.1,2.2
SK10/54,882,344.1,0.78,4.21,361,85.9,85.4,-0.6
SK10/55,882,416.7,0.73,4.47,437,97.9,95.7,-2.3
SK10/61,990,98.8,1.61,2.03,98,48.3,52.2,8.2
SK10/62,994,171.6,1.18,2.77,170,61.4,63.2,3.1
SK10/63,999,255.6,0.97,3.37,253,75.0,75.4,0.5
SK10/64,999,340.0,0.87,3.75,336,89.5,87.0,-2.9
SK10/65,998,486.0,0.75,4.36,481,110.2,106.2,-3.7
SK10/71,337,57.9,1.18,3.02,110,36.6,35.1,-4.1
SK10/72,338,163.0,0.79,4.52,310,68.5,67.6,-1.4
SK10/73,339,245.7,0.68,5.26,467,88.7,90.9,2.5
SK10/74,339,337.3,0.63,5.64,641,113.7,115.5,1.6
SK10/75,339,476.6,0.59,6.06,905,149.2,151.1,1.3
SK10/81,340,463.1,0.61,5.87,879,149.6,147.6,-1.3
SK10/82,340,383.5,0.63,5.65,727,128.7,127.4,-1.0
SK10/83,340,283.9,0.68,5.26,539,102.4,101.2,-1.2
SK10/84,339,183.1,0.76,4.69,348,74.2,73.3,-1.2
SK10/85,339,96.7,0.95,3.76,184,48.9,47.5,-2.8
SK10/91,340,465.4,0.61,5.85,883,151.1,148.2,-1.9
SK10/92,340,466.4,0.60,5.91,885,149.7,148.4,-0.8
SK10/93,340,466.4,0.61,5.87,885,150.7,148.4,-1.5
SK10/94,340,466.4,0.61,5.87,885,150.7,148.4,-1.5
SK10/95,340,465.8,0.61,5.89,884,150.0,148.3,-1.2
SK10/96,340,53.3,1.25,2.85,101,35.4,33.4,-5.6
SK10/97,339,53.3,1.19,2.98,101,33.9,33.5,-1.3
SK10/101,335,481.3,0.61,5.99,923,154.1,153.7,-0.2
SK10/102,334,396.0,0.64,5.71,761,133.2,132.1,-0.9
SK10/103,333,311.5,0.67,5.43,599,110.4,109.9,-0.5
SK10/104,334,204.4,0.75,4.82,393,81.5,80.2,-1.6
SK10/105,334,96.3,0.95,3.82,185,48.5,47.7,-1.7
SK10/111,319,482.1,0.51,6.04,959,158.9,157.3,-1.0
SK10/112,319,397.5,0.54,5.77,793,137.3,135.5,-1.5
SK10/113,318,281.7,0.58,5.35,562,105.0,103.7,-1.2
SK10/114,318,218.1,0.62,5.06,435,86.1,85.5,-0.6
SK10/115,318,152.7,0.69,4.54,305,67.1,66.0,-1.7
SK10/116,318,79.6,0.87,3.58,159,44.4,42.6,-3.9
SK10/121,599,78.2,1.13,2.76,101,36.4,37.1,1.8
SK10/122,599,154.0,0.78,3.97,198,49.9,52.6,5.5
SK10/123,601,225.9,0.70,4.45,290,65.1,66.6,2.2
SK10/124,600,297.8,0.63,4.91,383,77.9,79.9,2.5
SK10/125,600,390.6,0.59,5.31,502,94.5,96.5,2.1
SK10/126,600,479.3,0.55,5.61,616,109.8,111.8,1.9
SK10/131,764,83.9,1.33,2.33,95,40.6,41.6,2.5
SK10/132,763,151.8,0.99,3.13,171,54.7,53.6,-1.9
SK10/133,764,226.7,0.83,3.73,256,68.6,66.3,-3.3
SK10/134,764,285.2,0.73,4.25,322,75.7,75.9,0.3
SK10/135,764,402.8,0.66,4.85,454,93.8,94.3,0.6
SK10/136,764,491.7,0.59,5.26,555,105.4,107.8,2.2
SK10/141,889,73.1,1.74,1.79,76,42.8,44.0,2.7
SK10/142,890,153.8,1.11,2.81,161,57.3,57.1,-0.3
SK10/143,891,232.5,0.89,3.51,243,69.2,69.3,0.1
SK10/144,891,289.5,0.78,3.97,302,76.1,77.8,2.3
SK10/145,892,396.1,0.70,4.44,414,93.3,93.2,-0.0
SK10/146,892,528.1,0.64,4.87,551,113.2,111.5,-1.4
SK10/151,989,74.6,1.87,1.67,74,44.4,48.5,9.3
SK10/152,990,148.1,1.31,2.39,147,61.6,59.8,-3.0
SK10/153,990,229.8,0.98,3.18,228,71.7,71.7,-0.0
SK10/154,991,295.5,0.86,3.64,293,80.5,80.9,0.5
SK10/155,991,392.9,0.75,4.13,390,94.3,94.2,-0.2
SK10/156,992,493.1,0.69,4.48,489,109.1,107.3,-1.6
SK10/161,340,467.4,0.76,6.96,1386,199.1,208.6,4.8
SK10/162,340,320.6,0.79,6.71,951,141.8,154.4,8.9
SK10/163,340,205.3,0.85,6.20,609,98.1,109.4,11.4
SK10/164,339,100.5,1.05,5.05,298,59.1,64.9,9.8
KK02/11,340,107.0,1.11,4.32,190,44.0,43.7,-0.8
KK02/12,340,153.4,0.94,5.12,273,53.3,56.4,5.8
KK02/13,340,217.0,0.83,5.80,386,66.5,73.0,9.8
KK02/14,341,278.0,0.76,6.33,494,78.0,88.4,13.3
KK02/15,341,348.0,0.72,6.65,618,92.9,105.5,13.6
KK02/16,341,454.7,0.68,7.10,807,113.8,130.8,15.0
KK02/17,340,58.2,1.72,2.80,103,36.9,29.6,-20.0
KK02/18,338,57.8,1.71,2.81,103,36.8,29.6,-19.5
KK02/21,340,407.5,0.51,6.46,799,123.7,131.3,6.1
KK02/22,341,296.9,0.59,5.66,527,93.1,93.0,-0.1
KK02/23,341,208.3,0.66,5.00,370,73.9,70.7,-4.3
KK02/24,340,131.3,0.78,4.25,233,54.9,50.3,-8.3
KK02/25,340,69.1,1.05,3.16,123,38.9,32.8,-15.8
KK10/11,341,401.5,0.58,5.48,807,147.3,152.3,3.4
KK10/12,341,288.7,0.65,4.91,581,118.2,118.5,0.3
KK10/13,341,182.2,0.76,4.17,366,87.8,84.5,-3.7
KK10/14,341,89.0,1.07,2.97,179,60.3,52.1,-13.7
KK10/21,341,364.9,0.37,5.73,734,127.9,141.5,10.6
KK10/22,342,247.7,0.42,5.01,497,99.2,105.5,6.4
KK10/23,342,163.5,0.48,3.97,328,74.7,78.2,4.6
KK10/24,342,86.9,0.63,3.37,174,51.8,51.2,-1.1
KK10/31,337,70.3,1.25,2.64,143,54.0,43.0,-20.4
KK10/32,338,177.4,0.81,4.11,360,87.5,79.7,-8.9
KK10/33,338,250.6,0.71,4.65,507,109.1,102.7,-5.8
KK10/34,339,339.4,0.64,5.46,686,132.9,129.3,-2.7
KK10/35,339,460.3,0.58,5.74,930,161.4,164.1,1.6
KK10/41,319,481.1,0.56,5.83,1020,174.8,179.2,2.6
KK10/42,318,389.8,0.59,5.56,827,148.8,152.0,2.2
KK10/43,318,299.1,0.62,5.25,635,120.9,123.9,2.5
KK10/44,319,213.7,0.68,4.80,453,94.4,96.1,1.8
KK10/45,319,156.5,0.75,4.36,332,76.6,76.6,0.6
KK10/46,319,80.2,0.99,3.31,170,51.3,48.7,-5.2
